{"schemaVersion":1,"note":"exact per-LST SOL/token rate recorded once per epoch (trusted data); epochs before the first entry fall back to benchmark back-compounding","epochs":{"1001":{"BNSOL":1.110411409,"JitoSOL":1.275866054,"dzSOL":1.047532274,"JupSOL":1.18394498,"dSOL":1.189701343,"mSOL":1.393258893,"dumSOL":1.027941914,"sctmSOL":1.090762544,"dynoSOL":1.054242938,"PSOL":1.073631218,"INF":1.407837461,"vSOL":1.149109283,"bbSOL":1.147563524,"JSOL":1.349217075,"xSHIN":1.156113159,"aeroSOL":1.13034338,"dfdvSOL":1.076215492,"jagSOL":1.092491264,"bSOL":1.290721131,"edgeSOL":1.276092067,"GTSOL":1.039457812,"definSOL":1.079724834,"hyloSOL":1.051868109,"BulkSOL":1.079103582,"bonkSOL":1.175801437,"LP-SOLAYER":1.148149138,"cgntSOL":1.271551149,"LST":1.511992871,"bpSOL":1.094076425,"CDCSOL":1.090793133,"stSOL":1.219141857,"strongSOL":1.177467647,"haSOL":1.229628667,"laineSOL":1.310726785,"raiSOL":1.303787699,"sfSOL":1.080257374,"iASOL":1.091946642,"picoSOL":1.195589749,"mangoSOL":1.14587339,"lanternSOL":1.21206967,"proSOL":1.18546899,"mpSOL":1.055458109,"hyloSOL+":1,"phaseSOL":1.25085898,"rkSOL":1,"xandSOL":1.111826451,"hausSOL":1.161392251,"hubSOL":1.171934205,"elSOL":1.272204287,"sentSOL":1.113919102,"digitalSOL":1.213536527,"fuseSOL":1.142834163,"uptSOL":1.001018017,"compassSOL":1.178746013,"digitSOL":1.197428019,"pathSOL":1.013890625,"honestSOL":1.080659193,"MonkeSOL":1.066237959,"chSOL":1.145263226,"gotmSOL":1.027368069,"pumpkinSOL":1.18026202,"vybeSOL":1.088103949,"hyloSOL ":1.15756606}}}
